{
    "Author": "Emik",
    "Compatibility": "Compatible",
    "DefuserDifficulty": "VeryEasy",
    "Description": "Rotate the bomb according to flashes on a screen. Tags: celeste, deep-blue-background, deep-blue-module, 0-selectables, 0-buttons, 1-screen, 6-flashes, 5-colors, shine, red, blue, yellow, purple, white",
    "ExpertDifficulty": "Hard",
    "ModuleID": "PointlessMachines",
    "Name": "Pointless Machines",
    "Origin": "Mods",
    "Published": "2021-05-22",
    "SortKey": "POINTLESSMACHINES",
    "SourceUrl": "https://github.com/Emik03/EmikModules",
    "Souvenir": {
        "Explanation": "What colors flashed?",
        "Status": "Considered"
    },
    "SteamID": "2416640196",
    "Symbol": "Plm",
    "Type": "Regular"
}